Sequence,EC50
127_0000000,1
113_1000000,1.1
114_0100000,0.9
115_0010000,1
116_0001000,1
117_0000100,1
118_0000010,2.6
119_0000001,0.9
1_0100001,0.9
3_0100010,0.3
5_0100100,0.6
9_0101000,0.8
17_0110000,0.7
31_0000011,3.8
32_0000101,0.9
34_0000110,1.6
35_0001001,0.8
37_0001010,2.1
39_0001100,0.8
42_0010001,0.8
44_0010010,2.8
46_0010100,0.9
50_0011000,0.9
58_1100000,1.2
83_1000001,0.9
85_1000010,4.1
87_1000100,0.7
91_1001000,1
99_1010000,1.1
2_0100011,1.1
4_0100101,0.8
7_0100110,0.3
8_0101001,0.8
11_0101010,0.3
13_0101100,0.5
16_0110001,0.7
19_0110010,0.8
21_0110100,0.7
25_0111000,0.6
33_0000111,3
36_0001011,4
38_0001101,1
41_0001110,1.4
43_0010011,3.5
45_0010101,1.1
48_0010110,2
49_0011001,0.8
52_0011010,2.6
54_0011100,1
57_1100001,0.9
60_1100010,2.6
62_1100100,0.8
66_1101000,1.2
73_1110000,0.8
84_1000011,5.5
86_1000101,0.7
89_1000110,3.6
90_1001001,0.9
93_1001010,3.6
95_1001100,0.7
98_1010001,0.8
101_1010010,5.4
103_1010100,1.1
107_1011000,1.1
6_0100111,0.6
10_0101011,0.7
12_0101101,0.8
15_0101110,0.2
18_0110011,2.9
20_0110101,0.8
23_0110110,0.4
24_0111001,0.6
27_0111010,0.8
29_0111100,0.7
40_0001111,2.7
47_0010111,3.3
51_0011011,4.8
53_0011101,1
56_0011110,1.7
59_1100011,5.7
61_1100101,0.9
64_1100110,2.5
65_1101001,1
68_1101010,2.4
70_1101100,0.9
72_1110001,0.6
75_1110010,6.3
77_1110100,1
80_1111000,0.9
88_1000111,4.3
92_1001011,5.1
94_1001101,0.8
97_1001110,3.4
100_1010011,7
102_1010101,1.1
105_1010110,4.4
106_1011001,0.8
109_1011010,4.9
111_1011100,1.2
14_0101111,0.4
22_0110111,1.8
26_0111011,2.1
28_0111101,0.7
30_0111110,0.3
55_0011111,3.4
63_1100111,4.6
67_1101011,5.6
69_1101101,1
71_1101110,2.7
74_1110011,9.6
76_1110101,0.8
78_1110110,5.7
79_1111001,0.7
81_1111010,5.4
82_1111100,0.8
96_1001111,4.5
104_1010111,7.3
108_1011011,6.7
110_1011101,0.9
112_1011110,4.5
120_0111111,1.2
121_1011111,7.4
122_1101111,4
123_1110111,8.2
124_1111011,9.4
125_1111101,0.7
126_1111110,5.4
128_1111111,9.5
